,Meeting Date
0,"Apr/May 30-1, 2024"
1,April 1 Conference Call - 2003
2,April 1 Meeting - 1986
3,April 11 Conference Call - 1990
4,April 11 Conference Call - 2001
5,April 12 Conference Call - 1991
6,April 16 Conference Call - 2003
7,April 17 Meeting - 1979
8,April 18 Conference Call - 1994
9,April 18 Conference Call - 2001
10,April 18 Meeting - 1978
11,April 19 Meeting - 1977
12,April 21 Conference Call - 1986
13,April 22 Meeting - 1980
14,April 27 Conference Call - 1979
15,April 27-28 Meeting - 2010
16,"April 27-28, 2021"
17,April 28 Conference Call - 1981
18,April 28 Conference Call - 1995
19,April 28-29 Meeting - 2009
20,"April 28-29, 2020"
21,April 29 Conference Call - 1980
22,April 29 Conference Call - 1983
23,April 29 Conference Call - 1987
24,April 29-30 Meeting - 2008
25,April 30 Conference Call - 1991
26,April 8 Conference Call - 2003
27,August 10 Conference Call - 2007
28,August 10 Meeting - 2004
29,August 10 Meeting - 2010
30,August 11-12 Meeting - 2009
31,August 12 Meeting - 1980
32,August 12 Meeting - 2003
33,August 13 Meeting - 2002
34,August 14 Meeting - 1979
35,August 15 Meeting - 1978
36,August 16 Conference Call - 2007
37,August 16 Meeting - 1977
38,August 16 Meeting - 1988
39,August 16 Meeting - 1994
40,August 17 Meeting - 1993
41,August 18 Meeting - 1981
42,August 18 Meeting - 1987
43,August 18 Meeting - 1992
44,August 18 Meeting - 1998
45,August 19 Meeting - 1986
46,August 19 Meeting - 1997
47,August 20 Meeting - 1985
48,August 20 Meeting - 1991
49,August 20 Meeting - 1996
50,August 21 Meeting - 1984
51,August 21 Meeting - 1990
52,August 21 Meeting - 2001
53,"August 22 (notation vote), 2025"
54,August 22 Conference Call - 1980
55,August 22 Meeting - 1989
56,August 22 Meeting - 1995
57,August 22 Meeting - 2000
58,August 23 Meeting - 1983
59,August 24 Meeting - 1982
60,August 24 Meeting - 1999
61,"August 27 (notation vote), 2020"
62,August 5 Conference Call - 1991
63,August 5 Meeting - 2008
64,August 7 Conference Call - 1981
65,August 7 Meeting - 2007
66,August 8 Meeting - 2006
67,August 9 Meeting - 2005
68,December 10 Meeting - 2002
69,December 11 Meeting - 2001
70,December 11 Meeting - 2007
71,December 12 Conference Call - 1980
72,December 12 Meeting - 2006
73,"December 12-13*, 2023"
74,December 13 Meeting - 2005
75,December 13-14 Meeting - 1988
76,"December 13-14*, 2022"
77,December 14 Conference Call - 1992
78,December 14 Meeting - 2004
79,December 14 Meeting - 2010
80,"December 14-15*, 2021"
81,December 15-16 Meeting - 1986
82,December 15-16 Meeting - 1987
83,December 15-16 Meeting - 2008
84,December 15-16 Meeting - 2009
85,"December 15-16*, 2020"
86,December 16 Meeting - 1997
87,December 16-17 Meeting - 1985
88,December 17 Meeting - 1991
89,December 17 Meeting - 1996
90,December 17-18 Meeting - 1984
91,"December 17-18*, 2024"
92,December 18 Meeting - 1990
93,December 18-19 Meeting - 1980
94,December 18-19 Meeting - 1989
95,December 19 Meeting - 1978
96,December 19 Meeting - 1995
97,December 19 Meeting - 2000
98,December 19-20 Meeting - 1977
99,December 19-20 Meeting - 1983
100,December 2 Conference Call - 1991
101,December 20 Meeting - 1994
102,December 20-21 Meeting - 1982
103,December 21 Meeting - 1993
104,December 21 Meeting - 1999
105,December 21-22 Meeting - 1981
106,December 22 Meeting - 1992
107,December 22 Meeting - 1998
108,December 30 Conference Call - 1994
109,December 5 Conference Call - 1980
110,December 6 Conference Call - 2007
111,December 7 Conference Call - 1990
112,December 9 Meeting - 2003
113,February 1 Conference Call - 1991
114,February 1-2 Meeting - 1982
115,February 1-2 Meeting - 2000
116,February 1-2 Meeting - 2005
117,February 10-11 Meeting - 1987
118,February 11-12 Meeting - 1986
119,February 12-13 Meeting - 1985
120,February 15 Meeting - 1977
121,February 18 Conference Call - 1993
122,February 2-3 Meeting - 1981
123,February 2-3 Meeting - 1993
124,February 2-3 Meeting - 1999
125,February 22 Conference Call - 1980
126,February 23 Conference Call - 1987
127,February 24 Conference Call - 1981
128,February 28 Conference Call - 1994
129,February 28 Meeting - 1978
130,February 3-4 Meeting - 1994
131,February 3-4 Meeting - 1998
132,February 4-5 Meeting - 1980
133,February 4-5 Meeting - 1992
134,February 4-5 Meeting - 1997
135,February 5-6 Meeting - 1991
136,February 6 Meeting - 1979
137,February 6-7 Meeting - 1990
138,February 7 Conference Call - 2009
139,February 7-8 Meeting - 1989
140,February 8-9 Meeting - 1983
141,February 9-10 Meeting - 1988
142,"Jan/Feb 31-1, 2023"
143,January 12 Conference Call - 1979
144,January 13 Conference Call - 1995
145,January 14 Conference Call - 1983
146,January 16 Conference Call - 2009
147,January 17 Meeting - 1978
148,January 17-18 Meeting - 1977
149,January 18 Conference Call - 1985
150,January 21 Conference Call - 1983
151,January 21 Conference Call - 2008
152,"January 25-26, 2022"
153,January 26-27 Meeting - 2010
154,"January 26-27, 2021"
155,January 27-28 Meeting - 2004
156,January 27-28 Meeting - 2009
157,January 28 Conference Call - 1983
158,January 28-29 Meeting - 2003
159,"January 28-29, 2020"
160,"January 28-29, 2025"
161,January 29-30 Meeting - 2002
162,January 29-30 Meeting - 2008
163,January 3 Conference Call - 2001
164,January 30-31 Meeting - 1984
165,January 30-31 Meeting - 1996
166,January 30-31 Meeting - 2001
167,January 30-31 Meeting - 2007
168,"January 30-31, 2024"
169,January 31 Meeting - 2006
170,January 31-February 1 Meeting - 1995
171,January 5 Conference Call - 1978
172,January 5 Conference Call - 1988
173,January 6 Conference Call - 1993
174,January 8-9 Meeting - 1980
175,January 9 Conference Call - 1991
176,January 9 Conference Call - 1992
177,January 9 Conference Call - 2008
178,July 1-2 Meeting - 1997
179,July 11 Meeting - 1979
180,July 12-13 Meeting - 1983
181,July 15 Conference Call - 1982
182,July 16-17 Meeting - 1984
183,July 17 Conference Call - 1979
184,July 17 Conference Call - 1981
185,July 18 Meeting - 1978
186,July 19 Conference Call - 1979
187,July 19 Conference Call - 1988
188,July 19 Meeting - 1977
189,July 2 Conference Call - 1992
190,July 2-3 Meeting - 1990
191,July 2-3 Meeting - 1991
192,July 2-3 Meeting - 1996
193,July 20 Conference Call - 1994
194,July 24 Conference Call - 2008
195,July 25 Conference Call - 1980
196,"July 25-26, 2023"
197,July 26 Conference Call - 1989
198,"July 26-27, 2022"
199,"July 27-28, 2021"
200,"July 28-29, 2020"
201,"July 29-30, 2025"
202,"July 30-31, 2024"
203,July 5-6 Meeting - 1989
204,July 5-6 Meeting - 1994
205,July 5-6 Meeting - 1995
206,July 6-7 Meeting - 1981
207,July 6-7 Meeting - 1993
208,July 7 Meeting - 1987
209,July 8-9 Meeting - 1986
210,July 9 Meeting - 1980
211,July 9-10 Meeting - 1985
212,June 10 Conference Call - 1991
213,"June 11-12*, 2024"
214,"June 13-14*, 2023"
215,"June 14-15*, 2022"
216,"June 15-16*, 2021"
217,June 17 Conference Call - 1981
218,"June 17-18*, 2025"
219,June 20 Meeting - 1978
220,June 21 Meeting - 1977
221,June 22-23 Meeting - 2010
222,June 23 Conference Call - 1983
223,June 23-24 Meeting - 2009
224,June 24 Conference Call - 1991
225,June 24-25 Meeting - 2003
226,June 24-25 Meeting - 2008
227,June 25-26 Meeting - 2002
228,June 26-27 Meeting - 2001
229,June 27 Conference Call - 1979
230,June 27-28 Meeting - 2000
231,June 27-28 Meeting - 2007
232,June 28-29 Meeting - 2006
233,June 29-30 Meeting - 1988
234,June 29-30 Meeting - 1999
235,June 29-30 Meeting - 2004
236,June 29-30 Meeting - 2005
237,June 3 Conference Call - 2009
238,June 30-July 1 Meeting - 1982
239,June 30-July 1 Meeting - 1992
240,June 30-July 1 Meeting - 1998
241,June 5 Conference Call - 1980
242,June 5 Conference Call - 1989
243,"June 9-10*, 2020"
244,March 1 Conference Call - 1993
245,March 10 Conference Call - 1978
246,March 10 Conference Call - 1995
247,March 10 Conference Call - 2008
248,March 11 Conference Call - 1992
249,"March 15 (unscheduled), 2020"
250,March 15 Meeting - 1977
251,"March 15-16*, 2022"
252,March 16 Meeting - 2004
253,March 16 Meeting - 2010
254,"March 16-17*, 2021"
255,March 17-18 Meeting - 2009
256,March 18 Meeting - 1980
257,March 18 Meeting - 2003
258,March 18 Meeting - 2008
259,"March 18-19*, 2025"
260,"March 19 (notation vote), 2020"
261,March 19 Meeting - 2002
262,"March 19-20*, 2024"
263,March 2 Conference Call - 1979
264,March 20 Conference Call - 1984
265,March 20 Meeting - 1979
266,March 20 Meeting - 2001
267,March 20-21 Meeting - 2007
268,March 21 Meeting - 1978
269,March 21 Meeting - 2000
270,"March 21-22*, 2023"
271,March 22 Meeting - 1994
272,March 22 Meeting - 2005
273,"March 23 (notation vote), 2020"
274,March 23 Meeting - 1993
275,March 24 Conference Call - 1994
276,March 25 Conference Call - 2003
277,March 25 Meeting - 1997
278,March 26 Meeting - 1985
279,March 26 Meeting - 1991
280,March 26 Meeting - 1996
281,March 26-27 Meeting - 1984
282,March 27 Meeting - 1990
283,March 27-28 Meeting - 2006
284,March 28 Meeting - 1989
285,March 28 Meeting - 1995
286,March 28-29 Meeting - 1983
287,March 29 Meeting - 1988
288,March 29-30 Meeting - 1982
289,"March 3 (unscheduled), 2020"
290,March 30 Meeting - 1999
291,"March 31 (notation vote), 2020"
292,March 31 Meeting - 1981
293,March 31 Meeting - 1987
294,March 31 Meeting - 1992
295,March 31 Meeting - 1998
296,March 7 Conference Call - 1980
297,May 1 Conference Call - 1991
298,May 10 Meeting - 2006
299,May 14 Meeting - 1991
300,May 15 Meeting - 1990
301,May 15 Meeting - 2001
302,May 16 Meeting - 1978
303,May 16 Meeting - 1989
304,May 16 Meeting - 2000
305,May 17 Meeting - 1977
306,May 17 Meeting - 1988
307,May 17 Meeting - 1994
308,May 18 Meeting - 1981
309,May 18 Meeting - 1982
310,May 18 Meeting - 1993
311,May 18 Meeting - 1999
312,May 19 Meeting - 1987
313,May 19 Meeting - 1992
314,May 19 Meeting - 1998
315,"May 2-3, 2023"
316,May 20 Conference Call - 1982
317,May 20 Meeting - 1980
318,May 20 Meeting - 1986
319,May 20 Meeting - 1997
320,May 21 Meeting - 1985
321,May 21 Meeting - 1996
322,May 21-22 Meeting - 1984
323,May 22 Meeting - 1979
324,May 23 Meeting - 1995
325,May 24 Meeting - 1983
326,May 27 Conference Call - 1977
327,May 3 Meeting - 2005
328,"May 3-4, 2022"
329,May 31 Conference Call - 1989
330,May 4 Meeting - 2004
331,May 5 Conference Call - 1978
332,May 6 Conference Call - 1980
333,May 6 Conference Call - 1981
334,May 6 Meeting - 2003
335,"May 6-7, 2025"
336,May 7 Meeting - 2002
337,May 9 Conference Call - 2010
338,May 9 Meeting - 2007
339,November 1 Meeting - 1988
340,November 1 Meeting - 2005
341,"November 1-2, 2022"
342,November 10 Conference Call - 1993
343,November 10 Meeting - 2004
344,November 12 Meeting - 1997
345,November 13 Meeting - 1990
346,November 13 Meeting - 1996
347,November 14 Meeting - 1989
348,November 14-15 Meeting - 1983
349,November 15 Meeting - 1977
350,November 15 Meeting - 1994
351,November 15 Meeting - 1995
352,November 15 Meeting - 2000
353,November 16 Meeting - 1982
354,November 16 Meeting - 1993
355,November 16 Meeting - 1999
356,November 17 Meeting - 1981
357,November 17 Meeting - 1992
358,November 17 Meeting - 1998
359,November 18 Meeting - 1980
360,November 2-3 Meeting - 2010
361,"November 2-3, 2021"
362,November 20 Meeting - 1979
363,November 21 Meeting - 1978
364,November 22 Conference Call - 1988
365,November 26 Conference Call - 1980
366,November 3 Meeting - 1987
367,November 3-4 Meeting - 2009
368,November 4-5 Meeting - 1985
369,"November 4-5, 2020"
370,November 5 Meeting - 1986
371,November 5 Meeting - 1991
372,November 6 Meeting - 2001
373,November 6 Meeting - 2002
374,"November 6-7, 2024"
375,November 7 Meeting - 1984
376,November 9 Conference Call - 1993
377,"Oct/Nov 31-1, 2023"
378,October 1 Meeting - 1985
379,October 1 Meeting - 1991
380,October 15 Conference Call - 1993
381,October 15 Conference Call - 1998
382,October 15 Conference Call - 2010
383,October 16 Conference Call - 1989
384,October 17 Conference Call - 1988
385,October 17 Conference Call - 1989
386,October 17 Meeting - 1978
387,October 17-18 Meeting - 1977
388,October 18 Conference Call - 1989
389,October 19 Conference Call - 1987
390,October 2 Meeting - 1984
391,October 2 Meeting - 1990
392,October 2 Meeting - 2001
393,October 20 Conference Call - 1987
394,October 21 Meeting - 1980
395,"October 21, 22, 23, 26, 27, 28, 29, and 30 Conference Calls - 1987"
396,October 22 Conference Call - 1979
397,October 22 Conference Call - 1993
398,October 24-25 Meeting - 2006
399,October 28 Meeting - 2003
400,October 28-29 Meeting - 2008
401,"October 28-29, 2025"
402,October 3 Meeting - 1989
403,October 3 Meeting - 2000
404,October 30 Conference Call - 1991
405,October 30-31 Meeting - 2007
406,October 4 Meeting - 1983
407,October 5 Conference Call - 1979
408,October 5 Conference Call - 1993
409,October 5 Meeting - 1982
410,October 5 Meeting - 1999
411,October 5-6 Meeting - 1981
412,October 6 Meeting - 1979
413,October 6 Meeting - 1992
414,October 7 Conference Call - 2008
415,September 13 Conference Call - 1991
416,September 13 Conference Call - 2001
417,September 15 Meeting - 2003
418,"September 15-16*, 2020"
419,September 16 Meeting - 1980
420,September 16 Meeting - 2003
421,September 16 Meeting - 2008
422,"September 16-17*, 2025"
423,September 17 Conference Call - 1990
424,September 17 Conference Call - 2001
425,"September 17-18*, 2024"
426,September 18 Meeting - 1979
427,September 18 Meeting - 2007
428,September 19 Meeting - 1978
429,"September 19-20*, 2023"
430,September 20 Meeting - 1977
431,September 20 Meeting - 1988
432,September 20 Meeting - 2005
433,September 20 Meeting - 2006
434,"September 20-21*, 2022"
435,September 21 Conference Call - 1998
436,September 21 Meeting - 1993
437,September 21 Meeting - 2004
438,September 21 Meeting - 2010
439,"September 21-22*, 2021"
440,September 22 Meeting - 1987
441,September 22-23 Meeting - 2009
442,September 23 Conference Call - 1985
443,September 23 Meeting - 1986
444,September 24 Conference Call - 1982
445,September 24 Meeting - 1996
446,September 24 Meeting - 2002
447,September 26 Meeting - 1995
448,September 27 Meeting - 1994
449,September 29 Conference Call - 2008
450,September 29 Meeting - 1998
451,September 30 Meeting - 1997
452,September 7 Conference Call - 1990
453,September 8 Conference Call - 1978
454,September 8 Conference Call - 1983
